author_text,qid,query_date
J. R. R. Tolkien,Q892,2025-12-10
John Kennedy Toole,Q313739,2025-12-10
George R. R. Martin,Q181677,2025-12-10
Patrick Rothfuss,Q514546,2025-12-10
Carl Sagan,Q410,2025-12-10
George Orwell,Q3335,2025-12-10
Arturo Pérez-Reverte,Q155106,2025-12-10
Robin Cook,Q352059,2025-12-10
Hannah Arendt,Q60025,2025-12-10
Isaac Asimov,Q34981,2025-12-10
John Le Mesurier,Q139712,2025-12-10
Peter Woodthorpe,Q200676,2025-12-10
Michael Hordern,Q956867,2025-12-10
Robert Stephens,Q12665,2025-12-10
Ian Holm,Q223091,2025-12-10
Terry Brooks,Q318845,2025-12-10
Empty Author,,2025-12-10
Caroline Criado Perez,Q14945692,2025-12-10
Frederic Stout,Q112360019,2025-12-10
Richard T. LeGates,Q112495174,2025-12-10
Katherine Neville,Q2503610,2025-12-10
Rutger Bregman,Q19747970,2025-12-10
Patrick Süskind,Q105994,2025-12-10
Haruki Murakami,Q134798,2025-12-10
Maggie O'Farrell,Q3062438,2025-12-10
Attica Locke,Q4818340,2025-12-10
Pierre Dardot,Q106835390,2025-12-10
Christian Laval,Q2965409,2025-12-10
Alfonso Díez,Q5554679,2025-12-10
Lewis Mumford,Q469888,2025-12-10
Max Gladstone,Q16203004,2025-12-10
Marta Rojals,Q11935658,2025-12-10
Alan Lee,Q102108,2025-12-10
Diana Hacker,Q47115735,2025-12-10
Jostein Gaarder,Q185548,2025-12-10
Tony Fischetti,,2025-12-10
Kazu Kibuishi,Q13607172,2025-12-10
Jake VanderPlas,Q60155762,2025-12-10
에릭 레이먼드,Q188954,2025-12-10
Mario Vargas Llosa,Q39803,2025-12-10
Gabrielle Zevin,Q529735,2025-12-10
Wes McKinney,Q22279146,2025-12-10
Jordi Arcarons Bullich,,2025-12-10
Lluís Torrens Mèlich,,2025-12-10
Julen Bollain Urbieta,Q27583239,2025-12-10
Daniel Raventós Pañella,Q8353655,2025-12-10
Mercè Rodoreda,Q234663,2025-12-10
Jean M. Auel,Q229996,2025-12-10
J.P. Carasso,,2025-12-10
Joan Triadú,Q472979,2025-12-10
Eduardo Punset,Q3045769,2025-12-10
Layla Martínez,Q122961400,2025-12-10
Amal El-Mohtar,Q20631001,2025-12-10
William Shakespeare,Q692,2025-12-10
Suzanne Collins,Q228624,2025-12-10
Lou Marinoff,Q1993089,2025-12-10
Edgar Cantero,Q8771884,2025-12-10
Lawrence Lessig,Q217790,2025-12-10
Moisés Rodríguez Barcia,Q20536052,2025-12-10
Neal Stephenson,Q312853,2025-12-10
Jathan Sadowski,Q96738794,2025-12-10
Neil Gray,Q108334065,2025-12-10
Juan Antonio Rivera,Q58455440,2025-12-10
Noel Castree,Q7046881,2025-12-10
Brett Christophers,Q112519270,2025-12-10
Greigh Charnock,,2025-12-10
Tim Marshall,Q112467111,2025-12-10
Flora Samuel,Q5460349,2025-12-10
Josep Maria Montaner,Q9013225,2025-12-10
Josep Pous i Pagès,Q939259,2025-12-10
Cole Nussbaumer Knaflic,Q131381957,2025-12-10
Robert Silverberg,Q314553,2025-12-10
Montse Banegas,Q20100318,2025-12-10
Douglas Spencer,Q1252512,2025-12-10
Angel,,2025-12-10
Angel Guimerá,Q175485,2025-12-10
Guimerá,Q9066316,2025-12-10
Francisco de Quevedo,Q201315,2025-12-10
Michael Alpert,Q102684435,2025-12-10
Anonymous,Q86167,2025-12-10
Mark Fisher,Q3849477,2025-12-10
Edward R. Tufte,Q1293908,2025-12-10
Manuel de Pedrolo,Q427403,2025-12-10
Dave Robinson,Q112894733,2025-12-10
Judy Groves,Q113725098,2025-12-10
LaCol,,2025-12-10
Andrea Abreu,Q99527353,2025-12-10
José María Echarte,,2025-12-10
Andreu Escrivà,Q27908151,2025-12-10
Nora Ephron,Q214677,2025-12-10
Viktor Frankl,Q154723,2025-12-10
Eduardo Mendoza,Q72541,2025-12-10
Charles Dixon,Q1089124,2025-12-10
Alan Palazzolo,Q104984676,2025-12-10
Fredy Massad,,2025-12-10
Silvia Aymerich Lemós,,2025-12-10
W. Spencer Johnson,,2025-12-10
Juan Carlos Bonache,Q20013561,2025-12-10
Paul Auster,Q214642,2025-12-10
Adam Banai,,2025-12-10
Aa. Vv,,2025-12-10
David Safier,Q65530,2025-12-10
David Graeber,Q1174579,2025-12-10
Cristina Morales,Q26265973,2025-12-10
Dani Nordin,,2025-12-10
Corinne Cath,Q1132878,2025-12-10
Brett Lantz,,2025-12-10
Chimamanda Ngozi Adichie,Q230141,2025-12-10
Christopher Mele,Q115240811,2025-12-10
Carlos Ruiz Zafón,Q296752,2025-12-10
Apostolos Doxiadis,Q620479,2025-12-10
Anonimo. Quevedo,,2025-12-10
Andrea Cirillo,,2025-12-10
Arthur C. Clarke,Q47087,2025-12-10
Bater Makhabel,,2025-12-10
Antoine de Saint-Exupéry,Q2908,2025-12-10
Aleix Saló,Q4319457,2025-12-10
Dorian Lynskey,Q61710065,2025-12-10
David Wengrow,Q64594136,2025-12-10
David Trueba,Q960778,2025-12-10
Elinor Ostrom,Q153761,2025-12-10
Edina Berlinger,,2025-12-10
Jaron Lanier,Q92862,2025-12-10
Jaynal Abedin,Q92954902,2025-12-10
Jonas Jonasson,Q923556,2025-12-10
Francesc Torralba Roselló,Q15446321,2025-12-10
Ferenc Illes,,2025-12-10
Eric Bronson,Q93224190,2025-12-10
Francisco Muñoz de Bustillo,,2025-12-10
Gergely Daroczi,Q58328518,2025-12-10
Gregory Bassham,Q85455100,2025-12-10
Geronimo Stilton,Q1749076,2025-12-10
Hrishi V. Mittal,,2025-12-10
Lea Ypi,Q109453577,2025-12-10
James S.A. Corey,,2025-12-10
Jacques M. Chevalier,Q136706558,2025-12-10
Ignacio Farias,Q137159686,2025-12-10
Jan Lin,Q5956750,2025-12-10
Mike Parker,Q6848314,2025-12-10
Michael Hardt,Q918655,2025-12-10
Michael Crichton,Q172140,2025-12-10
Margit Mayer,Q1735422,2025-12-10
Marcus Chown,Q1894130,2025-12-10
Marco Vitrúvio Polião,Q47163,2025-12-10
Manuel Castells,Q310161,2025-12-10
Massimo Cacciari,Q369756,2025-12-10
Mark Shepard,Q125179900,2025-12-10
Mitch Albom,Q378878,2025-12-10
Mayo Fuster Morell,Q18631907,2025-12-10
Nacho Carretero,Q49788748,2025-12-10
Neil Brenner,Q58242728,2025-12-10
Milan Badics,,2025-12-10
Sean Deming,,2025-12-10
Pedro González Calero,,2025-12-10
Paul Strathern,Q3312178,2025-12-10
Peter Marcuse,Q1687190,2025-12-10
Philip K. Dick,Q171091,2025-12-10
Sheldon Wolin,Q3481823,2025-12-10
Sergio Fernandez,Q3479657,2025-12-10
Stéphane Hessel,Q165110,2025-12-10
Susana Lluna,,2025-12-10
Todd Tomlinson,,2025-12-10
Unknown,,2025-12-10
anonymous,Q86167,2025-12-10
Yochai Benkler,Q982240,2025-12-10
