title,author_text,remote_id,openlibrary_key,finna_key,inventaire_id,librarything_key,goodreads_key,bnf_id,viaf,wikidata,asin,aasin,isfdb,isbn_10,isbn_13,oclc_number,pages,start_date,finish_date,stopped_date,rating,review_name,review_cw,review_content,review_published,shelf,shelf_name,shelf_date
The annotated Hobbit,J. R. R. Tolkien,http://localhost:80/book/517,OL14732029M,,isbn:9781501143311,,34466958,,,,,,,0044403372,9780044403371,,335,2021-01-02,2021-05-16,,4.00,"Fun, depressing, provocative",,"Halfway between the humoristic and scientific publication, what started as a provocation ends up in building a theory that is in fact a (often humoristic, sometimes depressing) criticism to capitalistic system and the work culture that is embedded on it. A must-read.",2022-03-08,,,
Libre,Lea Ypi,http://localhost:80/book/6,OL48568086M,,,,,,,,,,,,9788433904966,,,,,,,,,,,to-read,To Read,2025-09-03
The bicentennial man.,Isaac Asimov,http://localhost:80/book/8,OL17330239M,,,,,,,,,,,0575047127,9780575047129,,224,,2020-12-31,,5.00,Good introductory book to a gender-based look about cities,,"<p>Admittedly, it is not what I expected. After reading the title, author's bio and summary, I thought this would be an essential book to build a theoretical framework about urban studies with a gendered approach, which is what I was looking for. Instead, it is a very personal book in which the author shares her lived experiences around feminism and cities (that relationship is not always so clear).</p>
<p>Being said that, I have enjoyed reading it. The book is well written, the stories are interesting and very illustrative and the text is full of bibliographical references for those who want to know more. This combination makes it a very good introductory book for those (like me) who want to start learning about urban studies with a gendered perspective.</p>",2021-10-10,to-read,To Read,2025-10-22
I Feel Bad About My Neck,"Nora Ephron, Neal Stephenson",http://localhost:80/book/9,OL10352631M,,,,,,,,,,,0307276821,9780307276827,,160,2025-10-04,2025-10-25,,3.00,,,,,read,Read,2025-10-25
Perfume: The Story of a Murderer,Patrick Süskind,http://localhost:80/book/10,OL7348045M,,isbn:9780140120837,,343,,,,,,,0140120831,9780140120837,,272,,2022-01-19,,4.00,Review of 'Perfume (International Writers)' on 'GoodReads',,Pretencioso y tedioso. Más que un libro parece un ejercicio literario.,2007-01-01,read,Read,2025-08-19
El instante mágico,Marcus Chown,http://localhost:80/book/520,OL31962390M,,,,,,,,,,,8418187751,9788418187759,,,2021-10-11,,,,,,,,,,
Capitalist Realism,Mark Fisher,http://localhost:80/book/14,OL24611852M,,isbn:9781846943171,,6763725,,,,,,,1846943175,9781846943171,699737863,81,,,,,,,,,to-read,To Read,2025-09-11
The Ministry of Truth,Dorian Lynskey,http://localhost:80/book/528,OL27242240M,,,,,,,,,,,0385544057,9780385544054,,,,,,4.00,,,,,,,
Le parfum,Patrick Süskind,http://localhost:80/book/17,,,isbn:9782253044901,,590645,,,,,,,2253044903,9782253044901,,280,,,,,,,,,to-read,To Read,2025-08-18
Condition de l'homme moderne,Hannah Arendt,http://localhost:80/book/20,OL22183641M,,isbn:9780008108281,,,,,,,,,,,901614478,368,2025-08-10,2025-10-04,,3.00,,,,,read,Read,2025-10-04
The Mechanic and the Luddite,Jathan Sadowski,http://localhost:80/book/21,OL51583947M,,,,,,,,,,,0520398076,9780520398078,,296,2025-03-16,2025-07-31,,5.00,,,,,read,Read,2025-07-31
Mutation.,Robin Cook,http://localhost:80/book/22,OL16258651M,,isbn:9788483831014,,4447419,,,,B0079KT81G,B0099SNV7I,,0333496566,9780333496565,18959619,256,,2014-01-01,,3.00,"Un básico para entender qué es, qué no es, y qué debería ser la sostenibilidad",,"Un básico para entender qué es, qué no es, y qué debería ser la sostenibilidad.
En la primera (y más larga) parte del libro, Escrivà se dedica a argumentar por qué la sostenibilidad, tal y como se entiende mayormente actualmente, no es la solución (y a veces es un problema), y para ello se dedica a diseccionar y desmontar los pilares en los que se sustenta: neutralidad climática, extralimitación, superpoblación, superricos, huella de carbono, energía, transición ecológica, economía circular, coche eléctrico... e incluso finanzas sostenibles.  

En la segunda, mucho más propositiva (más, incluso que en [su anterior libro](https://bookwyrm.social/book/1266679/s/i-ara-jo-que-faig)), defiende que en lugar de sostenibilidad deberíamos usar otro concepto que tuviese otros nuevos significantes y conectase con otros valores relacionados con cuidados, bienestar, decrecimiento, democracia, comunidad... entre otros tanto o más ilusionantes e importantes.

Se trata de un libro muy recomendable al que volver de vez en cuando.",2023-12-31,read,Read,2025-07-28
El nombre del viento,Patrick Rothfuss,http://localhost:80/book/532,OL26758056M,,,,,,,,,,,0345805364,9780345805362,957232683,877,2010-05-13,2010-10-30,,3.00,,,,,,,
Stonekeeper,Kazu Kibuishi,http://localhost:80/book/24,OL29337084M,,,,,,,,,,,140710389X,9781407103891,,192,,2017-09-05,,3.00,"Irregular, but worth reading",,"The book starts really strong. The first chapters are catchy and relevant and they are very well written, too. Additionally, it is methodologically sound and some of their findings are interesting. Regretfully, at some points it becomes quite repetitive (in terms of methods and results) and, the methodology is sometimes unconsistent, unclear (i.e. I'd like to fully understand how the searches were made) and even questionable. 

Actually, what I found to be more controversial is the decision of comparing Google Maps and Wikipedia. Mainly because they are very different in purpose and contents, but also because I believe that OpenStreetMap would have been a fairer comparison or bridge between the two. It is true that there are some mentions and comparisons to it, but the book claims to focus only oncomparing Google Maps and Wikipedia alone, and therefore, OpenStreetMap is something accessory and not as extensively or consistently as the previous ones.

In any case, just because it raises so many questions and comments that I'd love to discuss with their authors should I had the chance, I believe it is worth reading and I would recomment it despite it didn't match my initial expectations (which admittedly were very high).",2022-12-28,to-read,To Read,2025-08-18
¿Dónde hacen pipí los peces?,Juan Carlos Bonache,http://localhost:80/book/25,,,,,,,,,,,,8467970634,9788467970630,,96,,2025-07-07,,,,,,,read,Read,2025-07-09
"The hobbit, or, There and back again",J. R. R. Tolkien,http://localhost:80/book/534,OL18291983M,,isbn:9780547928227,,,,,,,,,0618968636,9780618968633,,300,,,,5.00,,,,,,,
The Dawn of Everything,"David Graeber, David Wengrow, David Graeber",http://localhost:80/book/27,OL36276474M,,isbn:9780141991061,,,,,,,,,0141991062,9780141991061,,,2025-10-26,,,,,,,,reading,Currently Reading,2025-10-28
A Dance With Dragons,"George R. R. Martin, Empty Author",http://localhost:80/book/535,OL28163926M,,isbn:9780002247399,,,,,,,,,0008115443,9780008115449,,1040,,,,3.00,,,,,,,
No hay palabras,Francesc Torralba Roselló,http://localhost:80/book/32,,,,,,,,,,,,8416245703,9788416245703,,,,,,,,,,,to-read,To Read,2024-12-02
Introducing Philosophy (Introducing...(Totem)),"Dave Robinson, Judy Groves",http://localhost:80/book/34,OL8915700M,,,,,,,,,,,1840460539,9781840460537,,176,,2015-01-01,,2.00,,,,,read,Read,2025-01-30
En defensa de la renta básica,"Julen Bollain Urbieta, Daniel Raventós Pañella, Jordi Arcarons Bullich, Lluís Torrens Mèlich",http://localhost:80/book/35,,,,,,,,,,,,8423435520,9788423435524,,456,2024-10-28,2024-12-31,,3.00,No apto para todos los públicos,,"El libro hace exactamente lo que promete: una primera mitad (o tercio) en la que explica cómo es la renta básica que defienden los autores, qué ventajas supone, y otra mitad en la que se justifica exhaustivamente cómo financiarla. Para ello, los autores utilizan distintas fuentes de datos, escenarios... y con numerosas notas al pie de página y referencias. Sinceramente, eso es lo que buscaba en este libro. Lamentablemente, el lenguaje utilizado resulta complejo y farragoso en no pocas ocasiones, y para aquellos que somos ajenos al ámbito de la economía política (o en economía, en general) cuesta de entender ya que resulta fácil olvidar a qué se refieren algunos conceptos o acrónimos o se asume cierta familiariadad con los indicadores utilizados, o se desarrollan con exceso cosas que, en mi opinión, tendrían que haber sido anexos, para centrarse en las conclusiones de los resultados.
Es también un libro difícil de situar: en ocasiones es más próximo a una publicación académica, pero en el que se hacen determinadas afirmaciones que no tendrían cabida por no estar suficientemente justificada. Todo ello hace que al acabarlo solo tenga claras algunas nociones muy básicas (sí, la renta básica es posible), sin ser capaz de resumir los principales hallazgos. Por otra parte, en numerosas ocasiones me hubiese gustado conversar con los autores sobre determinadas decisiones (por ejemplo: la decisión de no pagar a miembros de la iglesia me parece contraria a la universalidad de la renta que dicen defender, o el hecho de que únicamente se calculen escenarios estáticos). 
Por estas sensaciones agridulces, es por lo que propongo un 3.",2025-01-03,read,Read,2024-12-31
Amuleto 1 / Amulet 1,Kazu Kibuishi,http://localhost:80/book/36,OL39827468M,,isbn:9788433915689,,45286062,,,,,,,0545085756,9780545085755,,190,2024-07-17,2024-08-24,,5.00,Diferent i sorprenent,,"Un llibre molt diferent de cap altre que hagi llegit, una història coral que comprèn diverses generacions i diferents mirades (i estils) sobre una sèrie d'esdeveniments relacionats amb una família, però sobretot amb un mateix indret. I és que són les muntanyes, els Pirineus, les veritables protagonistes del llibre.

M'ha encantat, malgrat moltes de les històries que explica siguin tristes.",2024-08-25,read,Read,2024-11-01
"The Lord of the Rings (The Lord of the Rings, #1-3)",J. R. R. Tolkien,http://localhost:80/book/547,,,isbn:9780618640157,,,,,,,,,0618640150,9780618640157,,,,1998-01-01,,5.00,,,,,,,
Le gardien de la pierre,Kazu Kibuishi,http://localhost:80/book/38,OL32374961M,,,,,,,,,,,1443145394,9781443145398,899761888,185,,,,,,,,,to-read,To Read,2025-01-06
The sun over Breda,Arturo Pérez-Reverte,http://localhost:80/book/40,OL17229942M,,,,,,,,,,,0399153837,9780399153839,,273,,,,,,,,,to-read,To Read,2024-10-20
R: Data Analysis and Visualization,"Jaynal Abedin, Hrishi V. Mittal, Bater Makhabel, Edina Berlinger, Ferenc Illes, Milan Badics, Adam Banai, Gergely Daroczi, Tony Fischetti, Brett Lantz",http://localhost:80/book/552,,,isbn:9781786460486,,,,,,,,,1786460483,9781786460486,,,2017-11-04,,,,,,,,,,
Map Addict,Mike Parker,http://localhost:80/book/42,,,isbn:9780007351572,,,,,,,,,0007351577,9780007351572,,,2024-08-05,,,,,,,,reading,Currently Reading,2024-09-05
Così si perde la guerra del tempo,"Amal El-Mohtar, Max Gladstone",http://localhost:80/book/43,OL34685105M,,,,,,,,,,,8804729821,9788804729822,,216,,,,,,,,,to-read,To Read,2024-09-05
The City in History,Lewis Mumford,http://localhost:80/book/44,OL7365856M,,,,,,,,,,,0156180359,9780156180351,,657,2015-02-22,,,,,,,,stopped-reading,Stopped Reading,2024-09-05
El perfume: Historia de un asesino,Patrick Süskind,http://localhost:80/book/48,OL35563943M,,isbn:9789686005172,,6271775,,,,,,,968600517X,9789686005172,,240,2022-08-07,2022-08-12,,4.00,Imprescindible,,"Un libro sobre educación financiera que cubre un amplio abanico de temas: presupuestos, inversiones, jubilación, seguros... y conceptos básicos pero no por ello menos importantes. Y lo mejor: lo hace de forma no solo amena, sino divertida y sin juzgar si la teoría y la realidad no siempre casan (me ha encantado que la autora se pone a menudo de ejemplo de cómo no hacer las cosas).
Siempre he pensado que debía de aprender sobre educación financiera para ser yo quien tome las decisiones sobre mi economía, en lugar del mercado, el banco o el borreguismo. Lo que nunca había imaginado es que disfrutaría tanto leyendo al respecto, e incluso, me divertiría.",2022-08-15,to-read,To Read,2024-04-16
Invisible Women,Caroline Criado Perez,http://localhost:80/book/49,OL28698884M,,,,,,,,,,,1784741728,9781784741723,,411,2024-03-15,2024-06-24,,4.00,,,,,read,Read,2024-06-24
Utopía no es una isla,"Layla Martínez, Layla Martínez",http://localhost:80/book/51,OL32575692M,,isbn:9788494922367,,,,,,,,,849492236X,9788494922367,1227046080,212,,2018-01-01,,3.00,,,,,read,Read,2024-02-24
Eaten by the Internet,Corinne Cath,http://localhost:80/book/55,,,,,,,,,,,,1913824055,9781913824051,,,,,,,,,,,to-read,To Read,2024-02-20
Lectura fácil,Cristina Morales,http://localhost:80/book/56,OL28192129M,,,,,,,,,,,8433998641,9788433998644,1076460034,,,,,,,,,,to-read,To Read,2024-02-20
Contact,Carl Sagan,http://localhost:80/book/58,OL8690377M,,isbn:9781568654249,,,,,,,,,1568654243,9781568654249,38138425,352,2023-12-30,2024-01-19,,3.00,,,,,read,Read,2024-01-19
Sun over Breda,Arturo Pérez-Reverte,http://localhost:80/book/62,OL34418964M,,isbn:9781565927247,,,,,,,,,0753822946,9780753822944,,288,,2023-12-27,,5.00,Therapeutical reading,,"I've been aware of my Imposter syndrome for quite a long time, but this book has helped me to know more about the syndrome and about myself, too.

An excellent book (or should I say therapy?) to understand what causes the imposter syndrome (spoiler alert, it's mainly us!), how to detect the underlying mechanisms and replace them with new ones to turn a vicious circle into a virtuous one.

I'd recommend it to anyone, without doubt.",2023-12-27,read,Read,2023-12-27
The Cathedral and the Bazaar,에릭 레이먼드,http://localhost:80/book/63,OL8667350M,,,,,,,,,,,1565927249,9781565927247,44957644,288,,2014-01-01,,,,,,,read,Read,2024-01-25
"The hobbit, or, There and back again",J. R. R. Tolkien,http://localhost:80/book/65,OL17911508M,,isbn:9788432219283,,,,,,,,,0395071224,9780395071229,,255,,2007-01-01,,1.00,Pretencioso y tedioso. Más que un libro parece un ejercicio literario.,,Pretencioso y tedioso. Más que un libro parece un ejercicio literario.,2023-12-07,read,Read,2023-12-07
Simiocracia,Aleix Saló,http://localhost:80/book/67,OL25440059M,,isbn:9788499896977,,,,,,,,,8499896979,9788499896977,869926973,,,2013-11-06,,4.00,,,,,read,Read,2023-11-06
Españistán : este país se va a la mierda / Alex Saló,Aleix Saló,http://localhost:80/book/70,OL25440416M,,,,,,,,,,,8499471757,9788499471754,,,,2010-11-06,,4.00,,,,,read,Read,2023-11-06
"The Lord of the Rings (The Lord of the Rings, #1-3)","J. R. R. Tolkien, Ian Holm, John Le Mesurier, Michael Hordern, Peter Woodthorpe, Robert Stephens",http://localhost:80/book/72,OL22193052M,,inv:7eef2bd75007ec0691b6d3067fc7a6b4,,28007712,,,,,,,,,,1193,,1998-01-01,,5.00,,,,,read,Read,2023-11-06
Toxina,Robin Cook,http://localhost:80/book/73,OL13186596M,,,,,,,,,,,8401327423,9788401327421,41148437,357,,1999-01-01,,,,,,,read,Read,2023-11-01
El Hobbit,J. R. R. Tolkien,http://localhost:80/book/74,OL26135539M,,,,,,,,,,,6070712714,9786070712715,,309,,2000-01-01,,,,,,,read,Read,2023-11-01
Hamlet,William Shakespeare,http://localhost:80/book/79,OL7352215M,,isbn:9782253017196,,21903818,,,,,,,2253017191,9782253017196,,416,2023-09-30,2023-11-01,,5.00,As addictive as a good videogame,,"This is one of those books that attracts you from the very beginning and you can't stop reading (until you realise that you don't want it to end that soon, either!). An interesting and well-written story that follows the successes and failures of its complex characters, driven by their passion for video games and full of lights and shadows. This is a story about gamers, and video games. But it also about life, passion, success and failure but, above all, about human relationships, and lives and worlds that could be but are not. Like a video game with the greatest engine: our imagination. Like a book.",2023-12-10,read,Read,2023-11-01
Danza de dragones,George R. R. Martin,http://localhost:80/book/80,OL25444542M,,,,,,,,,,,8496208958,9788496208957,,608,,2014-01-01,,4.00,,,,,read,Read,2023-12-07
This is how you lose the time war,"Amal El-Mohtar, Max Gladstone, Max Gladstone",http://localhost:80/book/83,OL27901088M,,isbn:9781534431003,,,,,,,,,1534431004,9781534431003,,201,,,,,,,,,to-read,To Read,2024-03-29
Guide Me Home,Attica Locke,http://localhost:80/book/88,OL57519423M,,isbn:9783548267456,,44797361,,,,,,,,9781788163989,,384,,,,,,,,,to-read,To Read,2023-09-23
Utopia for Realists,Rutger Bregman,http://localhost:80/book/92,OL29342235M,,isbn:9781408890271,,,,,,,,,1408890275,9781408890271,,336,2023-04-23,2023-07-20,,2.00,"Good ideas, bad story",,"After having enjoyed a lot The Dispossessed, and having read so many great reviews about this book, I cannot stop but feeling disappointed or under the impression that I failed to understand it or it was not the right time for me to read it.

I must recognize the originality of describing a whole hermaphrodite species in a forever frozen world, with their own culture and social organisation (something I enjoyed). But I felt that the story that was promised was weak, full of Deus ex machinas, unnecessary interruptions, and not even as strong and moving as I had imagined. Is the bonding between Therem and Genly as strong as suggested or is it merely survival? Are their beliefs about the other so shaken and deconstructed as suggested or were simply weak prejudices broken by the forced coexistence? 

The fact that I found the narrative unconsistent and unnecessarily complex, didn't help at all. Genli's trip is littered with plenty of complex concepts that are not fully developed, (I am still unsure about what the Shifgrethor is -I had to look at Wikipedia and stack exchange), legends, explanations about calendars or chapters written from somedody else's perspective, without a clear criteria or rhythm on when those interludes are added. But probably, what I found most disappointing was the constant mentions to the how different gethenian culture, society and cosmogony are due to their hermaphroditism, but IMHO, it is never not clearly exemplified in anything specific, not to mention the missed opportunity of using they/them pronouns (albeit I'm aware that that might not be that commonplace back in 1969, and probably editors thought that books had to had male characters to be sold).",2023-07-20,to-read,To Read,2023-09-16
Guide Me Home,Attica Locke,http://localhost:80/book/93,OL53267842M,,isbn:9783257228007,,,,,,,,,,9781788163972,,320,2022-09-22,2022-10-01,,3.00,Interesante,,"Se trata de un libro muy diferente a su anterior obra, ""Invierte en ti"". Si bien conserva de él el estilo de escritura (pedagógico y divertido) que es capaz de contar cosas complejas de forma sencilla, es un libro menos generalista, más aplicado. También es más especialista. Al ser menos genérico, se abordan menos temas con mayor profundidad, lo cual es muy positivo. Sin embargo, tengo la sensación de que algunos capítulos (por ejemplo tipos de fondos de inversión) no están equilibroados y hay un gran salto de lo genérico a lo muy específico. También he echado de menos que se desarrollase más el último capítulo, con consejos o criterios para invertir, lo cual lo haría más aplicado todavía (que entiendo que es su vocación -aunque entiendo lo difícil de hacerlo dado que hay tantas casuísticas como lectores). Es un libro que tendré que volver a leer para poder aprovecharlo del todo.",2022-10-01,to-read,To Read,2023-09-23
Participatory Action Research: Theory and Methods for Engaged Inquiry,Jacques M. Chevalier,http://localhost:80/book/94,,,isbn:9780415540315,,,,,,,,,0415540313,9780415540315,,,,,,,,,,,to-read,To Read,2023-08-18
From subjects to subjectivities : a handbook of interpretive and participatory methods,,http://localhost:80/book/97,,,isbn:9780814782590,,,,,,,,,0814782590,9780814782590,,,,,,,,,,,to-read,To Read,2023-08-18
Capitalist Realism: Is There No Alternative?,Mark Fisher,http://localhost:80/book/99,,,,,,,,,,,,1803414308,9781803414300,,120,2017-11-05,2017-12-10,,3.00,,,,,read,Read,2017-11-05
I ara jo què faig?,Andreu Escrivà,http://localhost:80/book/100,OL32042205M,,,,,,,,,,,8416698562,9788416698561,,161,2023-07-18,2023-08-05,,3.00,Difícil de clasificar,,"Como persona que padece de ecoansiedad hacía tiempo que quería leer este libro. Tanto su autor como el título, parecían sugerir proporcionar las claves para gestionar mejor este sentimiento que me paraliza y angustia desde hace tiempo y, sobre todo, para orientar la acción hacia la causa de la sostenibilidad.
Y seré franco: no encontré eso en el libro.  ¿Significa eso que sea un mal libro? ¡En absoluto! Es un libro muy bien escrito, con una primera mitad que describe de forma certera, aportando datos, y con una visión muy interesante, la situación de emergencia climática que vivimos. Y creo que consigue transmitir los dos mensajes que quería transmitir: 1) esto es una emergencia, y 2) es necesario actuar (y por qué no podemos dejar de hacerlo). 
Sin embargo, las claves que proporciona Escrivà en la segunda mitad del libro me parecieron confusas y a veces muy tangenciales o manidas. Y es que, en el fondo, creo que ahí está la dificultad del libro: Por un lado, Escrivà se resiste a dar recetas de cocina que puedan aplicarse de forma inmediata como solución a todo. Por otro, es lo que el título sugiere y lo que el lector busca. Creo que el problema es esta tensión no resuelta es la que hace que el libro no sea mejor de lo que podría ser.",2023-12-10,read,Read,2023-08-05
Una dona incòmoda,Montse Banegas,http://localhost:80/book/106,OL24122071M,,,,,,,,,,,8484374300,9788484374305,,238,,2012-01-01,,5.00,,,,,to-read,To Read,2023-01-19
O hobbit,"J. R. R. Tolkien, Moisés Rodríguez Barcia",http://localhost:80/book/108,OL47141237M,,,,,,,,,,,8497825411,9788497825412,,344,,2023-07-26,,3.00,,,,,read,Read,2023-07-26
David Harvey,"Brett Christophers, Noel Castree, Greigh Charnock",http://localhost:80/book/110,,,,,,,,,,,,0429028121,9780429028120,,286,,,,,,,,,to-read,To Read,2023-02-11
Vallvi,Edgar Cantero,http://localhost:80/book/111,OL25309868M,,,,,,,,,,,8475882528,9788475882529,,359,,2013-02-24,,4.00,,,,,read,Read,2023-01-19
Architecture of Neoliberalism,Douglas Spencer,http://localhost:80/book/115,OL34526960M,,,,,,,,,,,1472581512,9781472581518,,232,2016-12-30,,,3.00,,,,,stopped-reading,Stopped Reading,2022-08-22
Vita Activa,Hannah Arendt,http://localhost:80/book/116,OL26843807M,,isbn:9781841499888,,https://www.goodreads.com/book/show/8855321-leviathan-wakes,,,,1841499889,,,3492316913,9783492316910,,592,2022-08-14,2022-08-28,,5.00,Sorprenent,,"(EN below)
Es tracta d'un llibre que va evolucionant contínuament on res no és el que sembla. 
El que al començament em semblava que només es tractava una història ben explicada però que s'assemblava massa a la seva anterior novel·la (La Pell Freda) i exigia fer massa actes de fe en virtut de l'entreteniment, va mutant en un seguit d'històries dins històries, amb un final sorprenent i intel·ligent on tot el que no tenia sentit pren una nova i inesperada dimensió.

---

This is a constantly evolving book where nothing is what it seems.
What at first seemed to me to be just a well-told story but too similar to his previous novel (La Pell Freda) and requiring too many acts of faith for the sake of entertainment, turns into a series of stories within stories, with a surprising and clever ending where everything that didn't make sense takes on a new and unexpected dimension.",2022-08-28,read,Read,2022-08-28
1984,George Orwell,http://localhost:80/book/117,OL28102902M,,inv:754842d442485f28a055beaeefba4761,,5470,,,,,,,,,,328,2005-11-20,2006-02-23,,4.00,,,,,to-read,To Read,2022-08-19
A Confederacy of Dunces,John Kennedy Toole,http://localhost:80/book/121,OL15950279M,,isbn:9780802130204,,,,,,,,,0802130208,9780802130204,,394,,1993-01-01,,5.00,,,,,to-read,To Read,2022-08-13
Rent and its Discontents,Neil Gray,http://localhost:80/book/122,OL27803618M,,,,,,,,,,,1786605759,9781786605757,,294,,,,,,,,,to-read,To Read,2022-05-19
Hamnet,Maggie O'Farrell,http://localhost:80/book/128,OL32178475M,,,,,,,,,,,1472223829,9781472223821,,372,2022-03-21,2022-05-02,,3.00,,,,,read,Read,2022-05-02
La Conjura De Los Necios/a Confederacy of Dunces,John Kennedy Toole,http://localhost:80/book/129,OL9153856M,,,,,,,,,,,8496333604,9788496333604,63699970,464,2022-05-04,2022-08-06,,5.00,Ciencia ficción diferente,,"Es la primera obra que leo de Ursula K Le Guin y me ha encantado por lo distinta de otras obras de ciencia-ficción que he leído hasta el momento. Se trata de un universo muy cotidiano, sin grandes alardes tecnológicos, donde lo único de ficción puede ser la existencia de un planeta anarquista.  Y precisamente ahí está su virtud: te hace imaginar mundos muy distintos que a la vez serían muy posibles, y sobre todo, reflexionar sobre estructuras sociales cuestionando prejuicios.

Me costó un poco tomar ritmo, pero es que hay muchas cosas que contar para entender bien la vida en Anarres y, a su vez, entender mejor a Urras (muy parecida a nuestra sociedad actual). Me ha encantado la caracterización que hace de ambas sociedades/mundos, y tengo ganas de leer más.",2022-08-15,read,Read,2022-08-06
1984,George Orwell,http://localhost:80/book/131,OL29589006M,,isbn:9780547249643,,,,,,B0FQ7Z1TSC,B0D63HLBQF,,0547249640,9780547249643,,304,,,,,,,,,to-read,To Read,2022-04-22
The urban sociology reader,"Jan Lin, Christopher Mele",http://localhost:80/book/132,,,isbn:9780415665315,,,,,,,,,0415665310,9780415665315,,,,,,,,,,,to-read,To Read,2022-04-18
Común,"Christian Laval, Pierre Dardot, Alfonso Díez",http://localhost:80/book/139,OL30517670M,,,,,,,,,,,8497848802,9788497848800,,672,2017-05-09,2018-03-08,,4.00,,,,,read,Read,2022-03-08
Crítica de choque,Fredy Massad,http://localhost:80/book/142,,,,,,,,,,,,9873779213,9789873779213,,128,,,,3.00,,,,,to-read,To Read,2022-03-08
"El hombre bicentenario ; y, otros cuentos",Isaac Asimov,http://localhost:80/book/146,OL25535397M,,,,,,,,,,,9567510113,9789567510115,55414149,477,,2011-01-01,,,,,,,read,Read,2022-03-08
City Reader,"Richard T. LeGates, Frederic Stout",http://localhost:80/book/147,OL28075220M,,,,,,,,,,,0429537328,9780429537325,,896,,,,,,,,,to-read,To Read,2022-03-08
El despertar del Leviatán,James S.A. Corey,http://localhost:80/book/152,,,isbn:9788466660150,,,,,,,,,8466660151,9788466660150,,,2022-01-17,2022-03-05,,3.00,,,,,read,Read,2022-03-05
The Hobbit,J. R. R. Tolkien,http://localhost:80/book/153,OL37016955M,,inv:80ad2bc4c59713a69196f5cecb2390ec,,26098210,,,,,,,,,,305,,2005-03-07,,5.00,A must-read,,"Excellent, yet depressing book depicting a dystopic society that has way too much verisimilitude.
A must-read.",2022-03-07,read,Read,2022-03-07
Panza de burro,Andrea Abreu,http://localhost:80/book/157,,,inv:49e8bb379d6ceb410835a62c636e7b33,,53412888,,,,,,,8412135334,9788412135336,,172,2021-12-13,2021-12-22,,3.00,"Sí, pero...",,"Se trata de un libro que tiene todas las papeletas para gustarme: habla de un tiempo y un lugar que me son muy familiares y a la vez muy lejanos, y lo hace con un lenguaje que es el mío y, a la vez, no lo es. Habla de situaciones cotidianas y a la vez serias a través de ópticas de niños... Y sin embargo, no me ha enganchado. Me ha dejado muy indiferente, y no sé explicar el por qué.",2021-12-26,read,Read,2021-12-26
A confederacy of dunces,John Kennedy Toole,http://localhost:80/book/158,OL1105195M,,isbn:9780316418539,,52879286,,,,,,,0517122707,9780517122709,,462,,,,,,,,,to-read,To Read,2022-03-05
The Politics and Ideology of Planning,Tim Marshall,http://localhost:80/book/160,,,,,,,,,,,,1447337212,9781447337218,,282,,2020-04-30,,4.00,,,,,to-read,To Read,2021-10-10
Contact,Carl Sagan,http://localhost:80/book/162,OL9273340M,,isbn:9780099469506,,611439,,,,,,,0099469502,9780099469506,,431,,2004-01-01,,5.00,,,,,read,Read,2021-08-19
"Zítra a zítra, zítra, zítra, zítra",Gabrielle Zevin,http://localhost:80/book/163,OL31418357M,,isbn:9780316418522,,,,,,8366147363,,,8027723469,9788027723461,,480,,,,,,,,,to-read,To Read,2021-08-19
Ulls de pantera,Silvia Aymerich Lemós,http://localhost:80/book/167,OL28299805M,,,,,,,,,,,8497660439,9788497660433,,112,2019-10-04,2019-10-08,,3.00,,,,,read,Read,2021-08-17
1984,George Orwell,http://localhost:80/book/168,OL9865729M,,,,,,,,,,,1433202468,9781433202469,154698369,200,,,,3.00,Review of 'Feminist City' on 'Goodreads',,"Admittedly, it is not what I expected. After reading the title, author's bio and summary, I thought this would be an essential book to build a theoretical framework about urban studies with a gendered approach, which is what I was looking for. Instead, it is a very personal book in which the author shares her lived experiences around feminism and cities (that relationship is not always so clear).<br/><br/>Being said that, I have enjoyed reading it. The book is well written, the stories are interesting and very illustrative and the text is full of bibliographical references for those who want to know more. This combination makes it a very good introductory book for those (like me) who want to start learning about urban studies with a gendered perspective.<br/>",2021-10-10,to-read,To Read,2021-05-17
"Homenaje a Tolkien, 19 relatos fantasticos",Unknown,http://localhost:80/book/169,OL25896083M,,,,,,,,,,,8441302766,9788441302761,,,,1996-01-01,,3.00,,,,,read,Read,2021-01-06
Martes con mi viejo profesor,Mitch Albom,http://localhost:80/book/171,,,isbn:9786074003703,,,,,,,,,607400370X,9786074003703,,,,2001-01-01,,,,,,,read,Read,2020-08-24
The visual display of quantitative information,Edward R. Tufte,http://localhost:80/book/173,OL23782293M,,,,,,,,,,,0961392142,9780961392147,,197,,,,,,,,,to-read,To Read,2020-09-14
El tío Petros y la conjetura de Glodbach,Apostolos Doxiadis,http://localhost:80/book/175,,,isbn:9788440698773,,,,,,,,,8440698771,9788440698773,,,,1999-01-01,,,,,,,read,Read,2020-08-23
Tierra de campos,David Trueba,http://localhost:80/book/177,OL26245992M,,,,,,,,,,,8433998323,9788433998323,987302352,,,2020-08-20,,4.00,,,,,read,Read,2020-08-22
Hamnet,Maggie O'Farrell,http://localhost:80/book/180,OL32029481M,,,,,,,,,,,8412254651,9788412254655,,358,,2020-05-01,,2.00,,,,,read,Read,2020-05-10
Why Architects Matter,Flora Samuel,http://localhost:80/book/183,OL28909515M,,,,,,,,,,,1138783935,9781138783935,,268,,,,,,,,,to-read,To Read,2019-10-08
The human condition,Hannah Arendt,http://localhost:80/book/184,OL23240850M,,isbn:9780226025988,,127227,,,,,,,,,,349,,,,,,,,,to-read,To Read,2020-02-12
De qué hablo cuando hablo de correr,Haruki Murakami,http://localhost:80/book/186,OL24233967M,,,,,,,,,,,8483832305,9788483832301,607977364,,2019-10-04,2019-10-14,,3.00,,,,,read,Read,2019-10-04
Utopia for Realists,Rutger Bregman,http://localhost:80/book/190,OL28917347M,,isbn:9781408893210,,,,,,,,,1408893215,9781408893210,,321,2019-04-01,2020-02-12,,4.00,Review of 'Utopia for Realists' on 'Goodreads',,"Rutger Bregman presents a series of stories and facts that speculate not only how a fairer, more rational and equitable the world could be, but also how could have been if at certain point history would have taken another turn. And by doing so, it questions the very essence of many of today's assumptions regarding workload, wellfare, borders, wages, poors... that neoliberal mantras makes us believe which constitute the foundations of capitalist societies. And what it is more important: it plants the seed of new different ideas that can lead to this utopia he often refers to as ""The land of plenty"" to be a reality not just for a few chosen ones, but for everyone.<br/><br/>Written in a very informative and colloquial language (although I felt sometimes to be structured in a weird manner with many jumps back and forth*) it is aimed to everyone, without the need of knowing much about economics or politics. I found it to be highly recommended for anyone pursuing a better world or simply that want to understand how the current world works and over which premises it is based.<br/><br/>* Apparently, a new edition was made after this one which slightly changes the order of some chapters and, according to the author it is the best edition so far: https://www.goodreads.com/questions/1040334-are-there-two-versions-of-this-book---with",2020-02-12,read,Read,2019-04-01
El cel no és per a tothom,Marta Rojals,http://localhost:80/book/192,OL31845121M,,,,,,,,,,,8433915622,9788433915627,,600,2019-05-26,2020-04-10,,4.00,,,,,read,Read,2019-05-26
El hombre en busca de sentido,Viktor Frankl,http://localhost:80/book/193,,,isbn:9788425423314,,1087293,,,,,,,8425423317,9788425423314,,157,2019-05-19,2019-05-30,,3.00,,,,,read,Read,2019-05-19
The sun over Breda,Arturo Pérez-Reverte,http://localhost:80/book/196,OL28259500M,,isbn:9780618002214,,,,,,,,,029784864X,9780297848646,148265439,275,,,,4.00,,,,,read,Read,2019-03-07
魔戒,J. R. R. Tolkien,http://localhost:80/book/200,OL32009549M,,isbn:9780307265838,,,,,,,,,7806571906,9787806571903,51256540,191,,,,3.00,,,,,read,Read,2019-01-30
Vitrúvio. Tratado de Arquitectura,Marco Vitrúvio Polião,http://localhost:80/book/203,,,,,,,,,,,,9728469438,9789728469436,,,,,,,,,,,read,Read,2018-10-14
El peligro de una historia única,Chimamanda Ngozi Adichie,http://localhost:80/book/204,OL26492115M,,,,,,,,,,,8439733925,9788439733928,,,,2018-10-15,,3.00,,,,,read,Read,2018-10-15
Python for Data Analysis,Wes McKinney,http://localhost:80/book/207,OL26005473M,,isbn:9781449319793,,,,,,,,,1449319793,9781449319793,,466,,,,,,,,,to-read,To Read,2018-10-12
Python Data Science Handbook,Jake VanderPlas,http://localhost:80/book/209,OL26836556M,,,,,,,,,,,1491912057,9781491912058,,548,,,,,,,,,to-read,To Read,2018-10-12
Fariña : historia e indiscreciones del narcotráfico en Galicia,Nacho Carretero,http://localhost:80/book/211,,,isbn:9788416001460,,,,,,,,,8416001464,9788416001460,,,2018-10-02,2018-10-03,,3.00,,,,,read,Read,2018-10-02
El alma está en el cerebro,Eduardo Punset,http://localhost:80/book/216,,,,,,,,,,,,8466312,9788466310,,425,2008-01-01,2008-03-01,,,,,,,read,Read,2018-07-10
Correr es algo más,,http://localhost:80/book/217,OL26379208M,,,,,,,,,,,8416449775,9788416449774,,,,2018-10-12,,3.00,Review of 'Correr es algo más' on 'GoodReads',,"Un tanto irregular: si bien Isabel da consejos clave para entrenar con cabeza que sin duda resultarán muy útiles para que corredores aficionados que estén empezando o lleven tiempo entrenando no nos estanquemos, podamos mejorar y no nos lesionemos, creo que tiene algunos problemas: El primero es cuestión de gustos, pero tengo la sensación de que se puede decir lo mismo de forma más breve (y como dice la propia Isabel con respecto a los entrenos, cuanto menos, mejor). En este sentido creo que la voluntad de querer iniciar todos los capítulos con su experiencia vital es a veces forzada, si bien llegas a cogerle cariño y a pensar que la conoces. Otro aspecto que me ha descolocado es que tengo la sensación de que a veces se queda en terreno de nadie, ya sea porque justo cuando quieres saber más sobre algún aspecto, se termina el capítulo (esto es especialmente patente en los capítulos finales -parece que le hayan fallado las fuerzas en el último tramo y el libro vaya de más a menos-), ya sea por su voluntad de no poner tablas de ejercicios, incluso cuando a veces menciona ejercicios que no terminan de entenderse porque no están explicados en el mismo capítulo. Entiendo que quiera huir de eso para transmitir la idea de que cada persona es un mundo y es mejor tener entrenamientos personalizados. Si esa es su posición me hubiese parecido más honesto referenciar, enlazar o poner un QR a los numerosos vídeos y ejercicios que tiene en su web. Sin embargo, al final termina poniéndola al final del libro, salvo por un capítulo que sí los lleva. A eso hay que sumar la incomprensible decisión editorial de cortar las tablas de ejercicios con una sección de entrevistas ¿? . También las fotos tienen algo de eso: el libro cuenta con muchísimas fotos de Isabel haciendo ejercicio, todas ellas muy bien hechas y muy cuidadas, sin embargo, las fotos por lo general no tienen ninguna relación con el texto y parecen más de un catálogo o un photobook que de un libro de deporte.<br/>Creo que todos estos problemas vienen derivados de que se trata de una escritora primeriza en lo que a libros se refiere y que, lamentablemente, no parece haber contado con una editora que la aconsejase adecuadamente, corrigiese el estilo o las faltas de ortografía o estructurase mejor el libro. Aún con todo, el libro rezuma pasión y buenos consejos.",2018-10-12,read,Read,2018-10-12
Memòries d'un segle d'or,Joan Triadú,http://localhost:80/book/218,OL23693122M,,,,,,,,,,,8484374211,9788484374213,291120330,446,,,,,,,,,to-read,To Read,2018-06-15
Storytelling con datos. Visualización de datos para profesionales,Cole Nussbaumer Knaflic,http://localhost:80/book/219,OL47361430M,,,,,,,,,,,8441539308,9788441539303,,248,,,,3.00,,,,,read,Read,2018-04-22
n+1. Tendencias compulsivas,José María Echarte,http://localhost:80/book/222,,,,,,,,,,,,8494791559,9788494791550,,170,,,,4.00,,,,,read,Read,2018-04-29
Anatomía de la lengua,,http://localhost:80/book/224,OL25929191M,,,,,,,,,,,8499742130,9788499742137,,,2018-04-10,2018-06-02,,4.00,,,,,read,Read,2018-04-10
La Conjuration des imbéciles,"John Kennedy Toole, J.P. Carasso",http://localhost:80/book/226,OL8889528M,,,,,,,,,,,,,,448,,2015-05-01,,4.00,Review of '1Q84. Llibre 3' on 'Goodreads',,"Després dels excel·lents volums anteriors, el final de 1Q84 es presenta lent i tremendament decepcionant. No està a l'alçada dels anteriors.",2014-12-01,read,Read,2017-05-09
Los nativos digitales no existen,Susana Lluna,http://localhost:80/book/229,OL26380043M,,,,,,,,,,,8423426599,9788423426591,,,2018-02-06,2019-01-13,,2.00,Review of 'Los nativos digitales no existen' on 'GoodReads',,"Se trata de un libro que parte de una interesante premisa: a partir de textos corales e independientes cuestionar  la existencia de los supuestos nativos digitales para explorar la relación existente entre tecnología y... ¿niños? ¿adolescentes? ¿padres? ¿profesores? ¿profesionales? y los efectos que de ella se derivan. Sin embargo, los textos son muy irregulares y no queda claro en ningún momento a quién se dirige el libro, ya que cada autor parece tener targets diferentes. Eso, sumado a un excesivo tecno-determinismo y tecno-optimismo, hace que sea un libro del que apenas puedan aprovecharse unos pocos textos, incluso contando que algunos de ellos están escritos por los supuestos gurús, que parecen más preocupados en auto-citarse y seguir construyendo y vendiendo su relato que en escribir textos de calidad que resulten útiles al lector.",2019-01-13,read,Read,2018-02-06
Feminismes,,http://localhost:80/book/230,,,isbn:9788416828234,,,,,,,,,8416828237,9788416828234,,,2018-01-03,2018-06-02,,,,,,,read,Read,2018-01-03
Democracy Incorporated,Sheldon Wolin,http://localhost:80/book/233,,,isbn:9780691135663,,,,,,,,,0691135665,9780691135663,,,,,,,,,,,to-read,To Read,2017-11-05
Free Culture,Lawrence Lessig,http://localhost:80/book/234,OL3691799M,,isbn:9781594200069,,,,,,,,,1594200068,9781594200069,58799050,345,,,,3.00,,,,,read,Read,2017-11-05
Contact,Carl Sagan,http://localhost:80/book/236,OL18737720M,,isbn:9780671434007,,,,,,,,,,,,432,,,,5.00,,,,,,,
Smith of Wootton Major,J. R. R. Tolkien,http://localhost:80/book/239,,,,,,,,,,,,0261102125,9780261102125,,,,,,3.00,,,,,read,Read,2017-11-04
Más Platón y menos Prozac,Lou Marinoff,http://localhost:80/book/244,OL32766781M,,,,60899151,,,,0356518841,,,8498720575,9788498720570,733783187,399,,,,1.00,Review of 'Más Platón y menos Prozac' on 'GoodReads',,"Pésima traducción<br/>Marinoff solo trata de vender su libro (nunca mejor dicho), justificando lo valiosos que son los consejeros filosóficos como él.",2017-11-04,read,Read,2017-11-04
Femmes Invisibles,Caroline Criado Perez,http://localhost:80/book/246,OL57690018M,,,,,,,,,,,,9782266338059,,576,2017-08-13,2017-08-26,,3.00,,,,,read,Read,2017-08-13
Quién se ha llevado mi queso?,W. Spencer Johnson,http://localhost:80/book/247,OL22127801M,,,,,,,,,,,8495787091,9788495787095,,106,,,,,,,,,read,Read,2017-11-04
The Hobbit,"J. R. R. Tolkien, Charles Dixon",http://localhost:80/book/251,OL22108089M,,isbn:9780261102668,,,,,,,,,0261102664,9780261102668,,134,,,,,,,,,to-read,To Read,2017-11-04
Teatre: Mar i cel; Terra baixa; La filla del mar,"Angel Guimerá, Guimerá, Angel",http://localhost:80/book/253,OL32646032M,,,,,,,,,,,842971538X,9788429715385,9177014,221,,,,,,,,,read,Read,2017-11-04
Planning and managing Drupal projects,Dani Nordin,http://localhost:80/book/254,OL25561362M,,,,,,,,,,,1449305482,9781449305482,,,,,,2.00,,,,,read,Read,2017-11-04
Foucault En 90 Minutos,Paul Strathern,http://localhost:80/book/257,OL13234679M,,,,,,,,,,,8432311030,9788432311031,,,,,,,,,,,read,Read,2017-11-04
Mapping with Drupal,Alan Palazzolo,http://localhost:80/book/259,OL25308791M,,,,,,,,,,,1449308945,9781449308940,747533370,131,,,,3.00,,,,,read,Read,2017-11-04
The Bicentennial Man,Isaac Asimov,http://localhost:80/book/261,OL15081551M,,,,,,,,,,,0586047255,9780586047255,,254,,,,3.00,,,,,read,Read,2017-11-04
Carta abierta de Woody Allen a Platón,Juan Antonio Rivera,http://localhost:80/book/264,OL22724489M,,,,,,,,,,,8467020326,9788467020328,,293,,,,,,,,,to-read,To Read,2017-11-04
1984,George Orwell,http://localhost:80/book/265,OL3351591M,,isbn:9780140182347,,1689096,,,,,,,0140182349,9780140182347,,326,,,,5.00,Combo perfecto,,"<p>Una combinación perfecta y bien contada.  Juan Antonio Rivera tiene una forma de contar las películas y de reflexionar sobre ellas que, al terminar cada capítulo, no puedes sino dejar de tener ganas de ver  (o volver a ver) la película con la mirada de Sócrates.</p>",2021-10-10,read,Read,2017-11-04
Sentient city,Mark Shepard,http://localhost:80/book/270,OL24384978M,,,,,,,,,,,0262515865,9780262515863,664354727,,,,,2.00,,,,,read,Read,2017-11-04
Mutation,Robin Cook,http://localhost:80/book/271,OL2053738M,,,,,,,,,,,0399134026,9780399134029,,367,,,,3.00,,,,,read,Read,2017-11-04
"Cities for people, not for profit","Neil Brenner, Peter Marcuse, Margit Mayer",http://localhost:80/book/273,,,,,,,,,,,,0415601770,9780415601771,,,,2017-01-01,,5.00,,,,,read,Read,2017-11-04
The Hobbit,"J. R. R. Tolkien, Alan Lee",http://localhost:80/book/276,,,isbn:9780261103306,,1420,,,,,,,026110330X,9780261103306,,289,,,,,,,,,read,Read,2017-11-04
The Cathedral & the Bazaar,에릭 레이먼드,http://localhost:80/book/278,OL7580903M,,,,,,,,,,,0596001088,9780596001087,,241,,,,4.00,,,,,,,
The Clan of the Cave Bear,Jean M. Auel,http://localhost:80/book/280,OL25050700M,,isbn:9780553381672,,,,,,,,,0553381679,9780553381672,1242288920,451,,,,,,,,,to-read,To Read,2017-11-04
The Hobbit,"J. R. R. Tolkien, Alan Lee",http://localhost:80/book/283,OL29486372M,,,,,,,,,,,0008376115,9780008376116,,307,,2017-10-20,,4.00,,,,,read,Read,2017-10-20
Inventari de Can Batlló: Teixint una història col·lectiva,LaCol,http://localhost:80/book/288,,,,,,,,,,,,846168186X,9788461681860,,173,,,,3.00,,,,,read,Read,2017-11-04
Procomún digital y cultura libre : ¿hacia un cambio de época?,Mayo Fuster Morell,http://localhost:80/book/289,,,isbn:9788498886412,,,,,,,,,8498886414,9788498886412,,,,,,2.00,,,,,read,Read,2017-11-04
Data Manipulation with R : perform group-wise data manipulation and deal with large datasets using R efficiently and effectively,Jaynal Abedin,http://localhost:80/book/293,,,isbn:9781783281107,,,,,,,,,1783281103,9781783281107,,,,,,,,,,,read,Read,2017-11-04
¡Comprometeos! : conversaciones con Gilles Vanderpooten,Stéphane Hessel,http://localhost:80/book/297,,,isbn:9788423345137,,,,,,,,,8423345130,9788423345137,,,,,,4.00,,,,,read,Read,2017-11-04
Filosofía para bufones,Pedro González Calero,http://localhost:80/book/298,,,isbn:9788408005223,,,,,,,,,8408005227,9788408005223,,,,,,3.00,,,,,read,Read,2017-11-04
Tormenta De Espadas,George R. R. Martin,http://localhost:80/book/299,OL29563455M,,,,,,,,,,,8496208087,9788496208087,,,,,,4.00,,,,,read,Read,2017-11-04
Cromosoma 6,Robin Cook,http://localhost:80/book/304,,,isbn:9788401327100,,,,,,,,,8401327105,9788401327100,,490,,,,,,,,,read,Read,2017-11-04
La vida i la mort d'en Jordi Fraginals,Josep Pous i Pagès,http://localhost:80/book/306,OL4133960M,,,,,,,,,,,8429714693,9788429714692,,252,,,,3.00,,,,,read,Read,2017-11-03
1984,George Orwell,http://localhost:80/book/308,OL7576669M,,isbn:9780142000281,,1633,,,,,,,0451516753,9780451516756,30301247,267,,2004-01-01,,,,,,,read,Read,2017-11-04
Vivir Sin Jefe El Libro Que Har Que Ames Trabajar Por Tu Cuenta Los 50 Errores Que Cometen Todos Los Emprendedores,Sergio Fernandez,http://localhost:80/book/310,OL25999757M,,,,,,,,,,,8496981525,9788496981522,,,,2010-01-31,,,,,,,read,Read,2017-11-03
Forjada en cobre,,http://localhost:80/book/314,OL26796380M,,,,,,,,,,,8499082556,9788499082554,,,,,,,,,,,read,Read,2017-11-03
La invasión divina,Philip K. Dick,http://localhost:80/book/317,,,isbn:9788445001356,,,,,,,,,8445001353,9788445001356,,,,,,1.00,,,,,read,Read,2017-11-03
Sin noticias de Gurb,Eduardo Mendoza,http://localhost:80/book/320,OL1654052M,,,,,,,,,,,8432206407,9788432206405,24340335,139,,,,2.00,Review of 'Sin noticias de Gurb' on 'GoodReads',,"Creo que lo leí a destiempo, porque no me entusiasmó en absoluto. Posteriormente me he enterado que a casi todo el mundo le encantó, y he podido ver a gente reír mientras lo leían.",2017-10-20,read,Read,2017-10-20
El ocho.,Katherine Neville,http://localhost:80/book/322,OL22145065M,,,,,,,,,,,8495501090,9788495501097,,879,,,,,,,,,read,Read,2017-10-20
Sinsajo (Los Juegos del Hambre 3): 03,Suzanne Collins,http://localhost:80/book/325,OL39475511M,,isbn:9788427202146,,,,,,,,,8427202148,9788427202146,,,2017-10-29,2017-11-06,,1.00,Review of 'Sinsajo' on 'GoodReads',,"Mal sabor de boca para terminar la saga: el ritmo trepidante de los dos anteriores pasa a ser lento hasta el aburrimiento. Los personajes, anteriormente una parte vital del libro, pues conseguías empatizar con ellos a pesar de no querer cogerles cariño por saber que tenían que morir, son mucho menos interesantes que los anteriores (en gran parte debido a que hay muchos más -algunos de ellos prescindibles). Incluso personajes anteriormente interesantes como Peeta, Haimitch, Gale, Finnick, Snow... o inluso Katniss han perdido muchos matices e importancia. <br/>Por otra parte, las situaciones que describe son bastante inverosímiles y sin demasiado sentido, como las vainas extremadamente sensibles con trampas letales  situadas en una ciudad en la que transcurre la vida normal y que -incomprensiblemente- nunca se habían disparado con anterioridad. Tampoco es muy creíble la votación final en la que los tributos, con graves secuelas físicas y psicológicas después de su participación en los juegos, deciden continuar con la tradición como venganza.<br/>Pero lo peor de todo es el final: parece que todo el libro esté orientado a tratar de resolver el dilema de con quién decidirá quedarse Katniss, si Gale o Peeta. No solo es trivializar el mundo complejo y cruel que había construido en la saga, sino que consigue convertir un personaje femenino fuerte, líder, capaz de sobrevivir por su cuenta, independendiente... en una niñita que necesita una pareja para ser feliz y convertirse en madre. ¿Era realmente necesario?",2017-11-06,read,Read,2017-10-29
Mirall trencat,Mercè Rodoreda,http://localhost:80/book/330,OL3222220M,,,,,,,,,,,842971944X,9788429719444,,297,,,,,,,,,read,Read,2017-10-20
Mecanoscrit del segon origen,Manuel de Pedrolo,http://localhost:80/book/331,OL4822829M,,,,,,,,,,,8429710329,9788429710328,,183,,1993-01-01,,4.00,,,,,read,Read,2017-10-20
"The Hobbit, or, There and back again",J. R. R. Tolkien,http://localhost:80/book/334,OL44095139M,,isbn:9780395177112,,70533,,,,,,,0395177111,9780395177112,,317,,,,,,,,,to-read,To Read,2017-10-20
"Los superhéroes y la filosofía : la verdad, la justicia y el modo socrático",Aa. Vv,http://localhost:80/book/337,,,isbn:9788493827212,,,,,,,,,8493827215,9788493827212,,,,,,,,,,,read,Read,2017-10-20
Le soleil de Breda,Arturo Pérez-Reverte,http://localhost:80/book/342,OL9838884M,,,,,,,,,,,2020372967,9782020372961,41670029,230,,,,,,,,,to-read,To Read,2017-10-08
Rules for writers,Diana Hacker,http://localhost:80/book/346,OL3695801M,,,,,,,,,,,0312406851,9780312406851,,585,,2012-11-01,,4.00,,,,,read,Read,2017-08-28
L'avi de 100 anys que es va escapar per la finestra,Jonas Jonasson,http://localhost:80/book/348,,,isbn:9788496735651,,,,,,,,,8496735656,9788496735651,,,,2014-05-01,,3.00,,,,,read,Read,2017-09-06
Lazarillo de Tormes,"Michael Alpert, Francisco de Quevedo, Anonymous",http://localhost:80/book/351,OL3708099M,,,,,,,,,,,0140449000,9780140449006,52357826,203,,1996-01-01,,,,,,,read,Read,2017-05-10
La espada de Shannara,Terry Brooks,http://localhost:80/book/355,,,,,,,,,,,,8470024051,9788470024054,,,,1994-01-01,,3.00,,,,,read,Read,2017-05-10
El Cuaderno Rojo / The Red Notebook,Paul Auster,http://localhost:80/book/357,OL9128713M,,,,,,,,,,,843390650X,9788433906502,,91,,2008-01-01,,5.00,,,,,read,Read,2017-05-10
La ciudad,Massimo Cacciari,http://localhost:80/book/358,,,isbn:9788425223310,,,,,,,,,8425223318,9788425223310,,,,2016-01-14,,5.00,,,,,read,Read,2017-05-10
Contra el rebaño digital : un manifiesto,Jaron Lanier,http://localhost:80/book/360,,,isbn:9788483069172,,,,,,,,,8483069172,9788483069172,,,,2012-07-26,,3.00,,,,,read,Read,2017-05-10
Parque Jurásico.,Michael Crichton,http://localhost:80/book/366,OL22478260M,,,,,,,,,,,8401323924,9788401323928,,,,1991-07-01,,5.00,,,,,read,Read,2017-05-10
Cantar del Mio Cid,anonymous,http://localhost:80/book/367,,,isbn:9781542961431,,,,,,,,,1542961432,9781542961431,,,,1992-01-01,,,,,,,read,Read,2017-05-10
Commonwealth : el proyecto de una revolución del común,Michael Hardt,http://localhost:80/book/368,,,isbn:9788446032304,,,,,,,,,8446032309,9788446032304,,,,2016-01-01,,3.00,,,,,read,Read,2017-05-10
El Señor de los Anillos y la filosofía,"Gregory Bassham, Eric Bronson",http://localhost:80/book/369,,,isbn:9788408034117,,,,,,,,,8408034111,9788408034117,,,,2013-01-01,,3.00,,,,,read,Read,2017-05-10
The Lord of the Rings,J. R. R. Tolkien,http://localhost:80/book/373,OL31905190M,,,,,,,,,,,0618129022,9780618129027,,1147,,,,5.00,,,,,,,
La vida de Lazarillo de Tormes,Anonimo. Quevedo,http://localhost:80/book/375,,,isbn:9788474616965,,,,,,,,,8474616964,9788474616965,,,,1996-01-01,,,,,,,read,Read,2017-05-10
El cantar de Shannara,Terry Brooks,http://localhost:80/book/377,,,isbn:9788470024177,,,,,,,,,8470024175,9788470024177,,546,,1994-01-01,,3.00,,,,,read,Read,2017-05-10
Las piedras élficas de Shannara,Terry Brooks,http://localhost:80/book/379,,,isbn:9788470024108,,,,,,,,,8470024108,9788470024108,,590,,1994-01-01,,4.00,,,,,read,Read,2017-05-10
The wealth of networks,Yochai Benkler,http://localhost:80/book/383,OL3412222M,,,,,,,,,,,0300110561,9780300110562,,,,2013-01-01,,3.00,,,,,read,Read,2017-05-09
El Club Dumas (la última puerta),"Arturo Pérez-Reverte, Mario Vargas Llosa",http://localhost:80/book/384,OL18156981M,,,,,,,,,,,9681904966,9789681904968,47018143,493,,1997-01-01,,3.00,,,,,read,Read,2017-05-09
Choque de reyes,George R. R. Martin,http://localhost:80/book/390,,,isbn:9788496208971,,,,,,,,,8496208974,9788496208971,,,,2013-01-01,,4.00,,,,,read,Read,2017-05-09
A confederacy of dunces,John Kennedy Toole,http://localhost:80/book/392,OL4095810M,,,,,,,,,,,0394178009,9780394178004,,415,,,,3.00,,,,,read,Read,2017-05-09
La sociedad red : una visión global,"Francisco Muñoz de Bustillo, Manuel Castells",http://localhost:80/book/394,,,isbn:9788420647845,,,,,,,,,8420647845,9788420647845,,,,2012-01-01,,4.00,,,,,read,Read,2017-05-09
Arquitectura y política,Josep Maria Montaner,http://localhost:80/book/400,OL25222898M,,,,,,,,,,,8425224373,9788425224379,847616920,253,,2017-01-01,,2.00,,,,,read,Read,2017-05-09
En llamas,Suzanne Collins,http://localhost:80/book/401,OL37079409M,,,,,,,,,,,842720213X,9788427202139,881192384,407,,2012-01-01,,4.00,,,,,read,Read,2017-05-09
El Hombre bicentenario y otros cuentos,,http://localhost:80/book/406,,,isbn:9788441313941,,,,,,,,,8441313946,9788441313941,,,,2011-01-01,,4.00,,,,,read,Read,2017-05-09
Animal Farm,George Orwell,http://localhost:80/book/408,OL25182486M,,isbn:9780141036137,,3149348,,,,,,,0141036133,9780141036137,,141,,,,4.00,,,,,read,Read,2017-05-09
El martillo de Dios,Arthur C. Clarke,http://localhost:80/book/411,,,isbn:9788498724448,,,,,,,,,8498724449,9788498724448,,,,,,1.00,,,,,read,Read,2017-05-09
RStudio for R statistical computing cookbook : over 50 practical and useful recipes to help you perform data analysis with R by unleashing every native RStudio feature,Andrea Cirillo,http://localhost:80/book/412,,,isbn:9781784396947,,,,,,,,,178439694X,9781784396947,,,,2016-01-01,,1.00,,,,,read,Read,2017-05-09
Los juegos del hambre,Suzanne Collins,http://localhost:80/book/421,OL25426796M,,,,,,,,,,,8427202121,9788427202122,,,,2012-01-01,,4.00,,,,,read,Read,2017-05-09
"Festín de Cuervos (Canción de hielo y fuego, #4)",George R. R. Martin,http://localhost:80/book/422,,,isbn:9788496208995,,,,,,,,,8496208990,9788496208995,,,,2013-01-01,,3.00,,,,,read,Read,2017-05-09
Fundación,Isaac Asimov,http://localhost:80/book/428,,,,,,,,,,,,8498009847,9788498009842,,,2017-04-29,2019-01-28,,1.00,,,,,read,Read,2017-04-29
Pro Drupal 7 Development,Todd Tomlinson,http://localhost:80/book/432,OL25562086M,,,,,,,,,,,1430228385,9781430228387,,,,,,,,,,,read,Read,2017-04-29
In the beginning ...was the command line,Neal Stephenson,http://localhost:80/book/433,OL24961816M,,,,,,,,,,,0380815931,9780380815937,41991332,151,,2013-01-01,,4.00,,,,,read,Read,2017-05-09
El misterio del solitario,Jostein Gaarder,http://localhost:80/book/436,OL25637819M,,,,,,,,,,,8478448845,9788478448845,,,,,,4.00,,,,,read,Read,2017-04-29
Juego de tronos,George R. R. Martin,http://localhost:80/book/438,OL25935251M,,,,,,,,,,,8496208923,9788496208926,828376921,771,,2012-01-01,,5.00,,,,,read,Read,2017-05-09
Urban assemblages,Ignacio Farias,http://localhost:80/book/439,OL23197137M,,,,,,,,,,,0415486629,9780415486620,,,,,,,,,,,to-read,To Read,2017-04-29
El Mundo de Sofia,Jostein Gaarder,http://localhost:80/book/442,,,isbn:9788478443222,,,,,,,,,8478443223,9788478443222,,584,,1994-01-01,,4.00,,,,,read,Read,2017-04-29
Aloma,Mercè Rodoreda,http://localhost:80/book/444,OL22186194M,,,,,,,,,,,8420631000,9788420631004,806408943,158,,1997-01-01,,,,,,,read,Read,2017-04-29
The Hobbit,J. R. R. Tolkien,http://localhost:80/book/451,OL12538901M,,isbn:9788497876711,,,,,,,,,5170162715,9785170162710,,318,,2013-01-01,,,,,,,read,Read,2017-04-29
El nombre del viento,Patrick Rothfuss,http://localhost:80/book/455,OL24610402M,,,,,,,,,,,8401337208,9788401337208,495273390,872,,2013-01-01,,3.00,,,,,read,Read,2017-04-29
Jesús m'estima,David Safier,http://localhost:80/book/456,,,isbn:9788497876704,,,,,,,,,8497876709,9788497876704,,,,2013-01-01,,3.00,,,,,read,Read,2017-04-29
La Conjuration des imbéciles,John Kennedy Toole,http://localhost:80/book/457,OL27914304M,,isbn:9780974872407,,184834,,,,,,,,,1040540956,478,,2006-01-01,,5.00,,,,,read,Read,2015-02-23
El juego del Ángel,Carlos Ruiz Zafón,http://localhost:80/book/458,,,isbn:9788408094197,,,,,,,,,840809419X,9788408094197,,,,,,3.00,,,,,read,Read,2017-04-29
1Q84,Haruki Murakami,http://localhost:80/book/463,OL31856365M,,,,,,,,,,,8499304885,9788499304885,,782,,2014-01-01,,5.00,,,,,read,Read,2015-02-24
"Primavera, estiu, etcètera",Marta Rojals,http://localhost:80/book/467,,,isbn:9788482649665,,,,,,,,,8482649663,9788482649665,,,,2014-11-01,,4.00,,,,,read,Read,2015-02-24
El principito,Antoine de Saint-Exupéry,http://localhost:80/book/471,,,isbn:9788495971760,,,,,,,,,8495971763,9788495971760,,,,2015-02-23,,5.00,,,,,read,Read,2015-02-23
Huobite ren,J. R. R. Tolkien,http://localhost:80/book/482,OL27144426M,,isbn:9782267013177,,,,,,,,,7208111022,9787208111028,829827445,314,,2014-12-01,,,,,,,read,Read,2015-02-22
The Hobbit,J. R. R. Tolkien,http://localhost:80/book/483,OL22368666M,,,,,,,,,,,0048230707,9780048230706,,278,,,,,,,,,to-read,To Read,2015-02-22
Governing the Commons,Elinor Ostrom,http://localhost:80/book/485,,,isbn:9780521405997,,,,,,,,,0521405998,9780521405997,,,2015-02-22,2015-03-01,,4.00,,,,,read,Read,2015-02-22
"Data Analysis with R - Second Edition: A comprehensive guide to manipulating, analyzing, and visualizing data in R",Tony Fischetti,http://localhost:80/book/491,OL26833762M,,,,,,,,,,,1788393724,9781788393720,,570,2017-11-04,,,,,,,,,,
El hobbit : historia de una ida y una vuelta,"J. R. R. Tolkien, Charles Dixon, Sean Deming",http://localhost:80/book/497,OL25433562M,,,,,,,,,,,8467909226,9788467909227,,,,2000-01-01,,5.00,,,,,,,
¿quién ha robado la Mona Lisa?,Geronimo Stilton,http://localhost:80/book/499,OL26492222M,,,,,,,,,,,8408096079,9788408096078,,,,,,3.00,,,,,,,
Tout sauf un homme,"Isaac Asimov, Robert Silverberg",http://localhost:80/book/500,OL8890048M,,,,,,,,,,,2266087649,9782266087643,41835332,243,,,,4.00,,,,,,,
Utopia for Realists,Rutger Bregman,http://localhost:80/book/501,,,,,,,,,,,,9082520303,9789082520309,,215,2019-04-01,2020-02-12,,4.00,"Utopia is not only possible, it has already started!",,"Rutger Bregman presents a series of stories and facts that speculate not only how a fairer, more rational and equitable the world could be, but also how could have been if at certain point history would have taken another turn. And by doing so, it questions the very essence of many of today's assumptions regarding workload, wellfare, borders, wages, poors... that neoliberal mantras makes us believe which constitute the foundations of capitalist societies. And what it is more important: it plants the seed of new different ideas that can lead to this utopia he often refers to as ""The land of plenty"" to be a reality not just for a few chosen ones, but for everyone.

Written in a very informative and colloquial language (although I felt sometimes to be structured in a weird manner with many jumps back and forth*) it is aimed to everyone, without the need of knowing much about economics or politics. I found it to be highly recommended for anyone pursuing a better world or simply that want to understand how the current world works and over which premises it is based.

* Apparently, a new edition was made after this one which slightly changes the order of some chapters and, according to the author it is the best edition so far",2022-03-07,,,
Storytelling with Data,Cole Nussbaumer Knaflic,http://localhost:80/book/507,,,isbn:9781119002253,,,,,,,,,1119002257,9781119002253,,,,,,4.00,,,,,,,
Contact,Carl Sagan,http://localhost:80/book/509,OL7644116M,,isbn:9780671004101,,,,,,,,,0671004107,9780671004101,,434,,,,5.00,,,,,,,
